,title,text,date
0,엘지 휘센 인공지능스스로에어컨(FQ19P7DPAN) 누수현상 해결...,엘지 인공지능스스로에어컨 분해방법은 해 보지 않으면 어렵고 당황스럽지만 막상 해 보면 쉽습니다. 다만 몇 가지 조심해야 할 부분이 있어 정리합니다. 먼저 엘지 휘센 인공기능스스로 에어컨의 전원 플러그는 실외기에서 공급을 받으니 실외기 쪽으로 가셔서 전원 플러글...,2023.08.09.
1,"로보어드바이저 수익률 비교, 인공지능 투자 성과는?",그럼 인공지능인 로보어드바이저와 일반 펀드의 운용 성과는 어땠을까요? 2022년 펀드 운용 성과 2022년 우리나라 국민의 일반펀드 평균... 저도 그렇지만 인공지능이 운용하는 상품을 찾고 계신 분들도 의외로 많습니다. 제가 현재 가입하고 있다는 이야기를 하면 대부분의...,2023.09.26.
2,[종목분석] 의료 인공지능 딥노이드 주가 전망을 살펴봅니다,그 중에서 오늘은 인공지능 딥노이드 주가를 살펴보려고 하는데 해당 종목은 이미 많이 상승한 상태입니다. 그렇다고 버릴 수는... ▣인공지능이란 AI는 Artificial Intelligence의 약자로 인간의 지적능력을 컴퓨터를 통해 구현하는 과학기술입니다. 4차 산업혁명으로 국내 뿐만...,2023.08.30.
3,AI 인공지능 파이토치 서적으로 가볍게 시작해보죠,인공지능이 표면적으로 한풀 꺽였다고는 하지만 관련된 서적과 툴들은 꾸준하게 발전하고 있습니다. 언어모델 개발뿐만 아니랄 이를... 10. 인공지능과 코딩 프로그래밍이라는 단어아래 후끈한 이 시장에 알고 있어야 사람을 구하고 일도 시킬 수 있어서 오늘도 공부를 해야 하네요...,2023.10.02.
4,NPU 관련주 뜻 - 인공지능 구글 텔레칩스 칩스앤미디어 주가 전망,NPU 관련주 뜻 - 인공지능 구글 텔레칩스 칩스앤미디어 주가 전망 NPU 뜻 NPU 는 Neural Processing Unit 의 약자로서 인간의 신경망을 따라하여 만들어진 인공신경망을 구현할 수 있는 반도체입니다. 인공지능 개발의 핵심적인 역할을 합니다. 컴퓨터의 두뇌는 CPU 로 만들어집니다....,2023.10.09.
5,인공지능에 기반한 신약개발 관련 기업들에 대한 생각,이 글에서는 그동안 단편적으로 언급했던 인공지능에 기반한 신약개발 바이오 기업들에 대한 생각을 간단히 정리하고자 합니다. 오늘... 리커전 파마슈티컬스는 보도자료를 통해 엔비디아 클라우드 서비스를 사용해 인공지능 기반 모델의 개발을 가속화할 것이라고 밝혔고...,2023.07.13.
6,인공지능(AI)이 인간의 일자리를 감소시킬 것인가?,"인공지능이 인간의 일자리를 대체? 이 질문은 최근에 사람들의 관심을 끌며 치열한 논쟁을 일으키고 있습니다. ChatGPT, Bard 및 Mindjourney와... 감성지능 수준이 부족하다고 주장합니다. 일부 낙관론자들은 AI가 특정 역할에서 인간의 능력을 향상시킬 수는 있지만 대체할 수는 없다고...",2023.07.13.
7,"태양광 발전소 고장, 인공지능이 물샐틈없이 관리한다!","한국에너지기술연구원 신재생시스템연구실 고석환 박사 연구진은 인공지능(AI)을 활용한 태양광 발전 고장 진단 기술을 개발했습니다. 10년 이상 태양광발전소 고장진단평가를 수행하며 수집한 I-V곡선* 정보를 데이터베이스화하고, 모델을 적용해 현장에 가지 않고도...",2023.10.10.
8,인공지능 AI 스피커 삼성 갤럭시 홈미니 기능,"버들붕어입니다.^^ 이버 시간에는 인공지능 AI 스피커 삼성 갤럭시 홈미니 기능에 대해 자세하게 알아보도록 하겠습니다. 해당 제품은... 사진출처: Samsung 온라인 몰을 이용한 최저가 금액으로는 7만 원대에 AI 인공지능 스피커 구매할 수 있으며, 앞서 말한 거와 같이 MINI...",2023.09.04.
9,AI인공지능 관련주 산업의 발달은 기계가 하게되는걸까,"언젠가부터 로봇에관련된 산업들이 다시금 발전을 하고 주목을 받고있으며, 챗gdp라는 기능이 도입이 되면서 AI인공지능에 관련된... AI인공지능 관련주 주가 단순하게 생각을 해보면 일상생활을 하면서 영향을 줄수있는 산업들에도 많이 분포가 되어있겠지만, 우리들이 모르고있는...",2023.09.05.
10,인공지능 AI 관련주 26종목 모음집,"*엑셈 데이터베이스 관리 기업으로 인공지능 기반 IT 운영 지능화 솔루션인 싸이옵스를 출시했음. *트루엔 인공지능 영상 솔루션... *마음AI 자체 보유한 기술을 조합해 AI 앱, AI 상담원 등 인공인간 서비스를 운영하고 있음. 삼성전자와 신한은행 등을 핵심 고객사로 보유하고...",2023.10.09.
11,"[주간경제동향] 무선통신 경제성장 분석 (인공지능,6g)","지금까지 인공지능 6G관련 무선통신 경제에 대해 살펴봤습니다. 이 산업에 필요한 건 초성능, 초대역, 초공간, 초정밀 및 지능입니다. 10년 단계로 발달하는 이동통신 기술이 전 산업과 사회에서 인프라를 형성하려면 다양한 통신요구를 만족해야 할 겁니다. 5G에서 볼 수 없었던...",2023.10.10.
12,빙 챗gpt 쓰려면 엣지 브라우저로! 너만 몰라 인공지능 팁,"너만 몰라 인공지능 팁 by 엔돌슨 2023. 6. 30. 빙 챗gpt 쓰려면 엣지 브라우저로! 너만 몰라 인공지능 팁 응 너만 인공지능 쓸줄 몰라! 그래서 쉽게 Microsoft Edge 브라우저에서 ChatGPT를 이용하는 방법에 대해서 설명하려고 합니다. 챗봇, AI에 대한 디지털 가이드가...",2023.06.30.
13,(12편) : 인공지능과 로보틱스 (Artificial Intelligence...,com 지난시간에는 미국의 인플레이션 감축 법안 (Inflation Reduction Act)에 대해서 알아보았는데요 이번 시간에는 최근에 시장을 뜨겁게 달군 인공지능 및 로보틱스 테마에 대해서 알아보겠습니다. 코로나를 겪으면서 여러 산업에서 (AI)과 로봇은 모든 규모의 기업이...,2023.08.02.
14,"적금 가입 vs 펀드 투자, 인공지능이 운용하는 콴텍 수익률과...",저는 작년부터 인공지능이 주식을 매매해주는 '콴텍'에 돈을 넣어 운영하고 있습니다. 다른 이유는 없습니다. 그냥 수익률이... 개설된 증권사 계좌에 입금하면 인공지능이 자동으로 매매를 시작합니다. 돈을 찾을 땐 콴텍 앱에서 상품을 해지하면 보유한 주식을 환매해 증권사...,2023.07.03.
15,[테마주분석] 의료기기와 ai 인공지능 의료용로봇 관련주 정리,"다섯 번째 셀루메드 사업부문 - 의료기기와 바이오로직스, 코스메슈티컬 의료기기 - 탈회골, 합성고분자 무릎연골 연구개발 무릎인공관절 전치환술에 세루메드의 첨단 로봇을 사용하고 있다고 합니다. 지금까지 의료기기와 의료용로봇 관련주들을 알아봤습니다....",2023.08.29.
16,‘상품 들고 나오면 자동 결제’...인공지능(AI) 스마트 편의점,출처=GS리테일 GS25가 사람 없이 인공지능(AI) 솔루션 만으로 운영되는 스마트 편의점 'GS25 DX 랩(LAB) 가산스마트점'을 오픈했습니다. 서울... 출처=이마트24 지난 1월부터는 신세계아이앤씨의 ‘스파로스 인공지능(AI) 수요예측’ 시스템을 도입해 이전에 1시간 이상 소요됐던 발주...,2023.10.10.
17,미국주식 엔비디아 주가 500달러 돌파 - 인공지능 챗GPT 관련주,"챗GPT 로 대변되는 생성형AI 인공지능의 최대 수혜주로 꼽히는 엔비디아가 2분기 실적을 발표했습니다. 예상보다 훨씬 상회하는... 당연하게도 인공지능용 AI 반도체 수요가 급증했기 때문입니다. 이런 추세는 3분기에도 지속될 것이며, 올해 내내 엔비디아의 실적에 영향을...",2023.08.24.
18,AI 인공지능 데이터 라벨링으로 수익 창출하는 법 (+무료교육...,"AI 인공지능 데이터 라벨링으로 수익 창출하는 법 (+무료교육 선착순 한정) 안녕하세요. 사진&IT 크리에이터 자유분방입니다. 올해 초 Chat GPT가 출시가 되면서, 인공지능 (AI)에 대한 관심도도 상당 부분 올라갔습니다. 그렇다 보니, 관련 직군들이 주목을 받고 있는데요....",2023.10.19.
19,인공지능 OpenAI 해커톤 개발 공모전 SK 텔레콤...,해커톤은 해킹과 마라톤이 합성된 말로 일정 시간 내에 주제에 맞는 서비스를 기발하는 공모전을 뜻하는데요~ 이번에 SK 텔레콤에서 인공지능 OpenAI 개발 공모전인 Prompter Day Seoul 2023 행사가 있어 소개를 해드리려 합니다. Prompter Day Seoul 2023 기술의 발달로...,2023.08.24.
20,"신약 개발의 벽을 넘기 위한 도약, 인공지능 기반 신약 개발","인공지능의 도입으로 약효를 결정하는 분자의 단순 스크리닝 과정을 효율화하고, 예상되는 문제를 사전에 예측해 신약 개발 성공 확률을... 부족한 자본을 보완하는 기술력, 인공지능의 도입 사람의 노동력으로 진행되었던 지점을 으로 대체해 효율을 높일 수 있다. 자본이...",2023.09.18.
21,AI 프로필 수면분석 통화요약 어플 SKT 에이닷 인공지능 기능,인공지능 에이전트 서비스 SKT A.(에이닷)이 정식 출시되었습니다. 주목할 만한 신기능들도 업데이트가 되었는데요. 수면분석 도우미 A.... AI 모션프로필 AI 모션프로필은 내 사진을 업로드하면 인공지능이 알아서 멋진 AI 프로필 이미지를 만들어주는 기능입니다. A.(에이닷)어플...,2023.09.30.
22,"(글로벌교육과) 인공지능 시대, 공공 인재개발 전략은?","인공지능 혁신 시대에 대응하는 공직 인재개발 체계(패러다임)를 논하는 자리가 마련됩니다. 국가공무원인재개발원(원장 김채환, 이하... ‘인공지능(AI) 혁신 시대에 대응하는 공직 인재개발 체계(패러다임)’를 주제로 열리는 올해 학술대회는 관심 있는 누구나 유튜브...",2023.10.20.
23,인공지능을 이용한 산불 감시 시스템,"최근에는 인공지능을 적용하려는 시도가 이어지고 있습니다. 관련 스타트업 가운데 하나인 파노 AI (Pano AI)는 이미 캘리포니아, 오레건, 콜로라도, 워싱턴, 아이다호, 몬태나 주에서 240만 헥타르의 숲을 감시하고 있습니다. 최근 파노 AI는 화재...",2023.08.08.
24,엔잡러가 원하는 인공지능 직업 데이터라벨링...,인공지능(AI)은 주입된 수많은 데이터를 통해 학습을 하며 이때 제공받는 데이터는 인공지능이 학습할 수 있도록 가공된 형태죠. 여기서 가공을 데이터 전처리 작업이라고 표현할 수 있는데 이것이 바로 데이터 라벨링이라고 이해하시면 됩니다. 최근에는 챗GPT가 화제가 되고...,2023.07.18.
25,"네이버 AI 큐(Cue:), 이제 특화된 대화형 인공지능!",네이버 AI 클로바X가 서비스된지 얼마 되지 않았는데 네이버에서 추가로 새로운 인공지능 서비스가 시작되었습니다. 바로 네이버 AI 큐(Cue... 기존 검색 사이트를 이용하는 방식과 달리 인공지능으로 원하는 정보를 좀 더 빠르게 확인할 수 있어 맘에 드네요. 앞으로의 새로운...,2023.10.04.
26,윈도우 코파일럿 미리사용해본 AI 인공지능 기능! 윈도우 11...,얼리어답터 리뷰/IT정보 윈도우 코파일럿 미리사용해본 AI 인공지능 기능! 윈도우 11 23H2 프리뷰 코파일럿 사용법 by 엔돌슨 2023. 10. 5. 윈도우 코파일럿의 기능과 사용법 리뷰 이번에는 윈도우11에 내장된 윈도우 코파일럿 입니다. 챗GPT 같은 을 윈도우에서 직접...,2023.10.05.
27,"[관심종목] 23년 마지막 주목받을 인공지능,반도체 산업주식 종목","23년 8월에서 12월까지 남은 5개월을 장식할 인공지능,반도체 산업주식 종목에는 뭐가 있을까? 주식은 상황과 여건에 따라 빛나는 종목이 있습니다. 올해 초부터 인공지능에 강세를 보였고 2차전지가 중심에 있었습니다. 그리고 2차전지와 관련된 에코프로가 빛을 받았죠. 그렇다면...",2023.08.06.
28,AI 인공지능 관련주 대장주 TOP2!,"AI 인공지능 관련주 대장주 TOP2! 주식 쉽게 하는 팁까지 공유! 오후에는 아직까지도 무더운데, 오전에는 날씨가 선선하니 좋네요. 곧... 오늘은 향후 기대되는 섹터 중 하나인, AI 인공지능 관련주와 대장주를 한 번 살펴 볼께요. AI 관련주 대장주 TOP2! © vishnumaiea...",2023.09.10.
29,등 인공지능이 자동으로 기록해 주는 클로바노트 녹음하는 방법...,"회의, 인터뷰, 강의 등 인공지능이 자동으로 기록해 주는 클로바노트 녹음하는 방법입니다. 업무를 향상시켜주는 필수 어플 - 회의, 인터뷰, 강의 등 인공지능이 자동 기록해 주는 클로바노트로 녹음하는 방법 클로바 노트 회의, 인터뷰, 강의 등 녹음 내용을 눈으로 보면서 듣는...",2023.10.01.
30,"천안시, 빅데이터 기반 인공지능 활용 도시기본계획 수립 추진",빅데이터 기반 인공지능 활용 2040 도시기본계획 수립용역 착수 안녕하세요. 천안시입니다. 천안시가 빅데이터 기반 인공지능을 활용한 ✔️2040 도시기본계획 수립에 본격 착수합니다. 이에 따라 국토연구원과 11개 민간기업이 참여하는 ‘국토도시 빅데이터 얼라이언스 협약’...,2023.10.19.
31,네이버 생성형인공지능 클로바X(CLOVA X) 사용후기,네이버 생성형인공지능 클로바X(CLOVA X) 사용후기 New Tech/AI(인공지능) by 마켓캐스트 2023. 9. 8. 13:59 공감 네이버 생성형인공지능 클로바X(CLOVA X)의 사용승인이 되어서 오늘 여러가지 내용으로 테스트를 해봤는데 결론적으로 너무나 실망스러운 결과 였습니다. 질문: 네이버에서...,2023.09.08.
32,열(熱)의 꿈틀거림까지 감시한다! ‘인공지능 열화상 카메라’,"[이 주의 조달청 혁신제품] 재난 예방 혁신제품 해외수출 ③ 인공지능 열화상 카메라 ‘조달청 혁신제품’을 아시나요? 공공성과 기술성이... ‘인공지능 열화상 카메라’ 미국 역사상 최악의 재해로 남은 하와이 마우이섬의 산불, 한국보다도 넓은 면적을 태워버린 캐나다의 산불에...",2023.08.23.
33,AI 관련주 의료 인공지능 루닛·제이엘케이 등 주식 주가 간단...,"16%) 2023년 8월 9일 10:30 현재가 라이프시맨틱스(347700) 주가 일봉 차트 브리지텍(064480) 브리지텍(064480)은 AI(인공지능) 콜센터와 음성인식/화자인증, 보이는ARS, IP기반의 유무선(지능망서비스, 무선이동통신) 멀티미디어 서비스 관련 소프트웨어를 개발...",2023.08.09.
34,인공지능 교육 - 23년 AI 교육과정 특화 맞춤형 교육생 모집,인공지능 교육 - 23년 AI 교육과정 특화 맞춤형 교육생 모집 안녕하세요. 취업비서 인크루트 입니다. 오늘 소개해드릴 인공지능 교육 - 23년 AI 교육과정 특화 맞춤형 교육은 AI 분야 일자리에 대한 직무.직군 분석을 바탕으로 개발된 AI 커리어맵을 기반으로 교육생별 직무설계...,2023.09.11.
35,국내 AI 인공지능 관련주 대장주 의료 반도체 챗GPT 종목 소개...,국내 AI 인공지능 관련주 대장주 의료 반도체 챗GPT 종목 소개 및 현황 정리 최근 국내 증시는 테마주들이 이끌고 가고 있다고 해도 무방한 상황입니다. 그리고 현재 이러한 손바뀜이 현상이 계속 이어지고 있는 가운데 다시 국내 AI 관련주들이 관심을...,2023.09.04.
36,인공지능을 이용해서 유방암 조기 진단률을 높인다.,"Credit: Public Domain) 인공지능 붐 초기 응용이 크게 기대되던 분야 중 하나는 의료입니다. 사람들은 AI 의사가 질병의 진단과... 있는 인공지능을 개발했습니다. ScreenTrustCAD 연구에서 연구팀은 2021년 4월에서 2022년 6월까지 40-74세 사이 여성 55,500명의 유방...",2023.09.17.
37,인공지능(AI) 디지털교과서 법적 지위를 얻다,"이번 개정안에는 인공지능(AI) 디지털교과서가 차질 없이 개발되고 학교 현장에서 안정적으로 사용될 수 있도록 디지털 교과서의 정의, 검정 절차별 필요 사항을 담았다. 즉, 디지털교과서를 지능정보화 기술을 활용한 학습지원 소프트웨어로 정의하고, 기술결함 조사 및 기술...",2023.10.17.
38,안드로이드앱제작 인공지능을 이용해서 저렴하고 빠르게...,2023년은 인공지능의 해 인것 같습니다. 2022년의 메타버스에 대한 이야기는 2023년이 되서 거짓말처럼 완전히 사라져서 잘 보이지도 않는 것 같아요. 그 정도로 요즘 인공지능의 발전이 눈이 부실 정도로 빠르게 진행이 되고 있습니다. 챗GPT가 출시한지 얼마 되지도 않았는데 벌써...,2023.06.08.
39,[종목분석] 인공지능 ai 테마주에는 어떤 것들이 있을까,오늘도 많은 분들이 알지 못하고 자료를 찾아야 하는 시간을 덜어드리기 위해 올해 대세로 떠오른 인공지능 ai 테마주의 종목들을 정리하겠습니다. 일일히 찾아다닐 필요 없이 오늘 소개해드리는 종목들을 보고 분석하시면 됩니다. ai 테마주 모음 종목(관련 테마)...,2023.08.21.
40,"인공지능 A.(에이닷) 앱, AI 친구 대화와 챗GPT 사용법","SK텔레콤의 인공지능 에이전트 서비스 A.(에이닷) 앱이 새롭게 업데이트되었습니다. '내 손안에 AI 친구'라는 슬로건에 맞춰 추가된 기능이 눈길을 끄는데요. 감성대화가 가능한 A.프렌즈, 챗GPT 기반의 지식 대화 기능 채널인 챗T가 바로 그 주인공입니다. 과연 어떤 대화를 나눌 수...",2023.07.22.
41,인공지능 AI가 글 써 주는 시대,"어제 네이버에서 한국형 초대형 인공지능(AI) 서비스라고 하는 '하이퍼클로바X'를 공개했는데, 이를 활용하여 글쓰기를 할 블로거를... ※ 이미지 출처 : 네이버 검색 인공지능 클로바를 블로그에도 도입할 생각인가 보다. 그동안 작성한 글을 바탕으로 관심사나 문체 등을 분석하여...",2023.08.25.
42,송도국제도시에 'AI(인공지능) 교육센터'만든다,송도 3공구 G5 부지 내 근린공원에 인공지능 교육센터를 유치하려나 봅니다. 아직 G5 분양계획에 대한 이야기가 없는 가운데 갑자기 공원 내... 인공지능 교육센터 위치 아래는 그동안 모아두었던 G5 부지에 대한 다양한 청사진과 자료들입니다. G5 부지의 아파트가 언제쯤이면 분양을...,2023.09.07.
43,[ChatGPT 활용] 챗GPT에 달리3(DALL-E3) 인공지능(AI) 이미지...,[챗GPT 사용법] ChatGPT 완전정복(기본편) 출간 ChatGPT-4에 인공지능(AI) 이미지 생성 기능이 추가되었습니다. ChatGPT와 바드(Bard)가 경쟁하듯... 간단히 인공지능 로봇을 그려 달라고 해보겠습니다. 생각하고 있는 로봇을 그려줘 ChatGPT는 달리-3을 이용해 4개의 이미지를...,2023.10.07.
44,230526 # 미국 #증시 #엔비디아 #NVDA #인공지능 #AI 테마의...,"#엔비디아 #NVDA #인공지능 #AI 테마의 마무리 국면 미국은 통화 긴축 정책에 따라 소비가 줄고 기업이 감소하며, 기업의 이익이 줄어드는 가운데 chatGPT 붐에 힘입어 인공지능 테마 장세가 전개된 것으로 보인다. 이에 따라 과 관련된 대기업을 제외한 모든 산업이 약세를...",2023.05.26.
45,UPS 인공지능을 활용하여 택배 도난방지를 예방하다.,"UPS 인공지능을 활용하여 택배 도난방지를 예방하다. New Tech/AI(인공지능) by 마켓캐스트 2023. 10. 9. 08:30 공감 Security.org의 최근 연구에 따르면 지난 2022년 동안 약 4,900만 명의 미국인이 최소 한 번 이상 택배 도난을 경험했다. 이러한 상황에서 도난당한...",2023.10.09.
46,챗 GPT 앱 인공지능 시대에 아이폰 chatGPT 필수 어플,"얼리어답터 리뷰/어플(App) 챗 GPT 앱 인공지능 시대에 아이폰 chatGPT 필수 어플 by 엔돌슨 2023. 6. 20. 챗 GPT 앱 인공지능 시대에 아이폰 chatGPT 필수 어플 챗gpt 앱은 채팅형 인공지능 서비스입니다. 챗GPT 앱으로 아이폰, 안드로인드 스마트폰에서 쉽게 서비스를 이용할 수...",2023.06.20.
47,"인공지능 누끼따기 사이트, 스테이블 디퓨전 클립드롭",인공지능 이미지 생성 사이트 스테이블 디퓨전 클립드롭의 여러 기능 중 누끼따기를 보여드릴 텐데요. 오늘 소개해 드릴 누끼따기... ▲ 클립드롭 사이트인데 메인 화면에 포함된 프롬프트 입력 창을 활용하면 인공지능 이미지를 생성해 볼 수 있습니다. 소개해 드릴...,2023.07.15.
48,국내 AI 인공지능 관련주 한화에어로스페이스 네패스 등 투자...,"임플란트사업부문은 인공관절보형물인 임플란트 판매하고 있으며, 무역사업부문은 식품원료를 수입하여 판매하고 있음.... 38% ■국내 AI 인공지능 관련주 포인트 큐렉소는 의료 로봇과 지능형 로봇 개발 사업을 영위하고 있기 때문에 현재 관련주로 수혜를 받고...",2023.08.14.
49,심장 판막 질환을 찾아내는 인공지능,"인공지능 붐 초기에 의료용 인공지능에 대한 관심이 높았지만, 당시 기술적 한계와 더불어 인공지능에 대한 이해 부족으로 실제 의료 현장에서 크게 활용되지는 못했습니다. 최근에는 진단 목적으로 인공지능의 활용도가 주목 받고 있는데, CT, MRI, X선...",2023.10.19.
50,통신사의 생성형 인공지능(AI) 서비스,"생성형 인공지능(AI)과 관련한 기술을 개발하고, 이를 서비스에 적용하고 있습니다. KT는 자체 개발한 초거대 AI '믿음'을 다음달 공개할 예정이며, SKT는 생성형 AI 시장 공략을 위한 멀티 LLM 전략을 추진하고, LG유플러스는 메타버스와 광고 제작에 을 활용하고...",2023.09.04.
51,[종목분석] 국내 인공지능 ai 대장주 루닛 주가전망과 사우디...,지난 달 5일 의료 인공지능 ai 기업 루닛은 사우디아라비아 국가전략사업의 핵심과제 SEHA가상병원 프로젝트에 참여했습니다. 여기서... 특히 가상병원 프로젝트는 보건의료분야 최우선 과제로 이번에 참여한 인공지능 AI 의료기기를 중심으로 하는 루닛이란 기업에 좋은...,2023.08.31.
52,"크라우드웍스 코스닥 상장(인공지능, AI 학습데이터 전문기업)...",인공지능 AI 학습데이터 전문기업 크라우드웍스 한국거래소는 2023년 8월 29일 주식회사 크라우드웍스의 코스닥 시장 합병 상장을... 인공지능 대표 기업으로 상장 첫날부터 관심을 받고 있네요. 크라우드웍스는 2017년 설립한 (AI) 데이터 스타트업으로 데이터...,2023.08.31.
53,메타 다중언어 번역 인공지능 모델 심리스(Seamless) M4T 출시,"메타에서 심리스(Seamless) M4T라는 멀티 모달 인공지능 모델을 발표했습니다. 모델의 이름에서 M4T의 의미는 대규모 다국어 및 멀티... © steve_j, 출처 Unsplash 다중언어 번역 인공지능 멀티 모달은 두 개 이상의 다른 언어를 인식하고 이해 가능한 수단인 모달리티(Modality)를...",2023.09.24.
54,40개의 엔트리 게임 인공지능 게임 만들기 ft 앤써북,오늘은 엔트리를 이용해서 40개의 게임을 만들면서 인공지능 요소를 넣어서 프로그램 코딩하는 책을 소개합니다. 앤써북에서 만든 40개의 엔트리 게임 인공지능 게임 만들기입니다. 40개의 엔트리 게임 + 인공지능 게임은 학교나 학원 또는 방과후 수업에서 사용할 교재로...,2023.10.20.
55,인공지능 프로그래밍을 위한 깃허브 코파일럿 학생 인증 무료...,"요즘은 프로그래밍을 도와주는 인공지능 코딩 툴 등이 상당히 잘 되어 있습니다. 모두 알고 계실 ChatGPT부터, 아마존의 코드 위스퍼러... 이제 나도 인공지능 프로그래밍을 할 수 있게 되는 것이죠. 인공지능 프로그래밍 하기 코파일럿은 비주얼 스튜디오, VS Code의 확장...",2023.09.12.
56,모든 도로 안전은 ‘인공지능 도로 분석장치’로 통한다!,[이 주의 조달청 혁신제품] 재난 예방 혁신제품 해외수출 ② 인공지능 도로 분석장치 ‘조달청 혁신제품’을 아시나요? 공공성과 기술성이... 모든 도로 안전은 ‘인공지능 도로 분석장치’로 통한다! 지겹게 내리던 폭우가 지나가고 맑은 하늘에 햇빛이 쨍~한 요즘입니다....,2023.08.18.
57,인공지능 성우 해외 사이트 소개(부분 무료 가능),"국내에도 인공지능 성우를 활용할 수 있는 웹사이트들이 있다. 그냥 구글링만 해도 많이 보이는데, 대부분 바로 유료 사용이 필요하다. 하지만 오늘 소개하는 웹사이트는 부분적으로 무료 사용이 가능하다. 특히 외국어의 경우가 더 특화되었다고 할 수 있다. 위 이미지를 클릭하면...",2023.10.06.
58,"인공지능을 활용한 스마트한 일상, 초거대AI 총정리!","인공지능은 어느새 우리의 일상 깊숙이 침투해 함께 공존하고 있습니다. 과거 간단한 명령만 실행하던 인공지능이 이제는 의료, 법률, 문화예술 분야로 내용이 확대되면서 거의 모든 영역에서 인공지능을 활용하는 사람들이 늘어나고 있습니다. 이러한 의 확대를...",2023.09.19.
59,코카콜라 인공지능기술을 활용하여 브랜드 혁신을 주도하다.,코카콜라 인공지능기술을 활용하여 브랜드 혁신을 주도하다. 마케팅 전략 by 마켓캐스트 2023. 9. 25. 08:30 공감 2021년 9월... 더불어 현재 마케팅과 크리에이티브 분야에서는 창의력을 더욱 발휘하고 향상시키기 위한 새로운 도구로 생성형 (GenAI)을...,2023.09.25.
60,"[종목분석] 인공지능,반도체 싸이맥스 주가전망과 하반기 실적...","인공지능,반도체 싸이맥스 주가전망을 살펴봅니다. 위 기업은 반도체장비사업과 환경설비 사업을 영위하고 있는 곳으로 반도체시장의... 인공지능,반도체 싸이맥스 주가를 상승시키는 주력생산을 보면 EFEM과 LPM, TM입니다. 종속기업으로 있는 신도이앤지를 통해 미세먼지와...",2023.08.26.
61,[주식시장 미리보기] 삼성전자 인공지능 가우스 과연 챗GPT...,최근 삼성전자 인공지능 가우스 상표출원을 보며 앞으로의 AI 시장이 어떻게 될지 생각해보겠습니다. 삼전에서 특허청에 AI 소프트웨어와 관련한 상표를 출원했습니다. 챗 GPT와 유사한 생성형 인공지능 서비스를 차체 기술력으로 선보인 건데 챗GPT를 잡고 대세로 떠오를지 귀추가...,2023.09.09.
62,"[테마주분석] 인공지능, ai챗봇 관련주 외국인과 기관이...",올해 초 챗GPT로 시작된 인공지능 시장에 ai챗봇 관련주 기업들이 치열한 경쟁을 하고 있습니다. 엄청난 열풍을 일으킨 오픈ai가 기업용 챗봇을 출시했다고 발표하면서 국내에 있는 인공지능 관련주들이 지금 강세를 보이고 있네요. 여러 종목 중에서 현재 매수 상위권에 있다고...,2023.10.04.
63,"Clipdrop 생성형 인공지능 서비스, 구독 시 알아둬야 할 점과...","Clipdrop 생성형 인공지능 서비스의 월 구독 비용이 1,200원으로 정말 저렴한데요. 유용한 기능이 많아 활용해 봐도 좋을 거라... 직접 활용해 보니 프롬프트를 활용한 인공지능 이미지 생성 외에도 각종 툴을 제공하고 있어 다양하게 활용해 볼 수 있습니다. 해지...",2023.08.16.
64,만들기 블루윌로우로 쉬운 ai 이미지 생성! 인공지능 강의,"뉴미디어캠퍼스에선 챗gpt, 바드, 뤼튼 등 여러 인공지능 툴을 활용하여 SNS 콘텐츠 생성 강의를 진행하고 있습니다. 자세한 SNS 콘텐츠 제작 강의와 인공지능 강의 문의는 하단 링크를 참고해주세요! 강의/컨설팅 문의하기 ***-****-**** #ai이미지만들기 #ai이미지생성...",2023.09.25.
65,통신 3사의 인공지능 고객센터 AICC 기술,"AICC는 AI Contact Center로 고객센터에 음성 인식, 음성 합성, 문장 분석 등 각종 인공지능 기술을 적용한 것입니다. 이 기술을 적용해 상.담원 연결을 위해 기다리지 않고 24시간 상.담이 가능하며 상.담사도 AI로부터 답변 관련 정보를 받아 빠르게 업무 처리가...",2023.10.05.
66,오피스 소프트웨어 기업도 인공지능(AI) 전쟁,"오피스 소프트웨어(SW) 기업 간 인공지능(AI) 전쟁이 본격화될 전망입니다. 오피스 SW의 강자인 폴라리스 오피스와 한글과컴퓨터, 구글... 과제부터 업무까지 가능한 '폴라리스 오피스 AI' 출처=폴라리스 오피스 홈페이지 폴라리스 오피스는 생성형 (AI) 기능을 자유롭게...",2023.08.31.
67,인공지능 이용 만감류 생육정보 수집 연구,가중되며 인공지능과 빅데이터에 기반한 스마트농업이 미래농업의 대안으로 부각되고 있습니다. 제주특별자치도 농업기술원은 정확한 빅데이터 수집 체계를 개발하기 위해 인공지능 기술을 활용한 생육정보 수집 시스템 연구에 나섭니다. 농업기술원은 제주에서...,2023.08.17.
68,전국 청소년 인공지능 프론티어 챌린지 2023,"글로벌 인공지능 기업이 함께하는 청소년 '인공지능 프론티어 챌린지' 경진대회 소식 입니다. 아마존웹서비스코리아, 구글클라우드, 한국마이크로소프트, 엔비디아 코리아, 네이버 클라우드, 엔에이치엔 클라우드, 케이티 클라우드, 삼성SDS, 쌍용정보통신 등 9개...",2023.08.02.
69,[알쓸신잡(新Job)] 인공지능 산업의 발전에 앞장서는 데이터...,"사람과 비슷한 수준으로 대화가 가능한 인공지능 챗봇, ‘챗GPT’를 알고 계신가요? 챗GPT의 등장은 세계적인 선풍을 일으키며 그에 따라... 한국지능정보사회진흥원(NIA)이 진행하는 국가사업의 데이터 가공 업무에 참여토록 하여 디지털 일자리 창출에도 앞장서고 있습니다. 데이터...",2023.07.14.
70,인공지능 PPT 생성 - Gamma App,"정말 올해의 핫하디 핫한 키워드는, 누가 뭐라 해도 인공지능, AI 일것입니다. 물어보는것에 대답을 해주고, 일목요연하게 정리 해주고, 그림도 그려주고... 정말 무궁무진하게 발전하고 있는듯 한데요. 가볍에 테스트 해볼만한 사이트 하나 가져와봤어요! 바로바로, https://gamma.app...",2023.09.21.
71,초보자도 쉽게 이해할 수 있는 인공지능 AI,"이런 현상과 함께 인공지능(AI) 또는 ""머신 러닝"" 모델은 계속 진화해 가고 있습니다. 오늘은 초보자도 쉽게 이해할 수 있는 인공지능 가이드로 챗봇을 넘어 다양한 종류의 인공지능을 발견하고 이 새로운 디지털 창조물들이 이미 우리의 삶에서 어떤 역할을 하고 있는지...",2023.08.07.
72,멕시코의 인공지능(AI) 산업,"중 인공지능(AI)은 컴퓨터 시스템 내 알고리즘을 만들어 컴퓨터가 인간처럼 학습하고, 추론하고, 지각할 수 있도록 하는 기술입니다. 인공지능은 자동화, 데이터 분석, 이미지 및 음성 인식, 고객 응대, 자율 주행 등 다양하게 활용될 수 있어 4차 산업혁명의 핵심 기술...",2023.08.27.
73,"인공지능 Ai 챗봇 뜻, 활용분야 및 장점 알아보자",인공지능 기반의 Ai 챗봇은 사람과의 대화를 모방하고 학습할 수 있기 때문에 시간이 지남에 따라 더 지능적으로 작동하는 것이 특징입니다. 2. AI 챗봇의 활용 분야: Ai 챗봇은 다양한 분야에서 활용할 수 있습니다. 간략하게 활용 사례를 보여드릴게요. 고객 서비스 : 기업은 Ai...,2023.10.12.
74,‘학술회의는 지겨워’라는 편견을 깬 2023 인공지능대학원...,"인공지능이 단순히 지능을 묻고 답하는 걸 넘어 인간의 영역이라 불리던 예술까지 넘보고 있는데요. 미술도 이제는 인공지능이 그린 그림과 사람이 그린 그림을 구분하기 어려운 지경입니다. 위 사진은 고흐의 별이 빛나는 밤이고, 아래는 이 그린 고양이입니다....",2023.09.04.
75,더불어 사는 사회를 위한 인공지능 윤리,"인공지능의 발전으로 우리 삶이 속속들이 변화하고 있습니다. 크게는 인간이 추론하기 어려운 영역을 단시간 내에 빠르게 추론하여 합리적인 의사결정을 돕고, 작게는 인공지능 기반 맞춤형 추천을 통해 개인의 취향을 파악하고, 네트워크를 연결할 수 있는 전자기기를...",2023.08.11.
76,"인공지능(AI) 디지털교과서개발 아이디어, 온라인으로도 듣는다!","첨부파일 [교육부 08-03(목) 조간보도자료] 인공지능(AI) 디지털교과서 개발 아이디어, 온라인으로도 듣는다!.pdf 2025년 인공지능(AI) 디지털교과서 도입 예정 교과 교사를 대상으로, 효과적인 교과별 학습지원을 위한 기능에 대해 의견수렴 교육부(부총리 겸 교육부장관 이주호)는...",2023.08.02.
77,"「인공지능(AI) 디지털교과서 개발 지침」 발표, 개발의...","첨부파일 [교육부 08-30(수) 조간보도자료] 인공지능(AI) 디지털교과서 개발 지침 발표, 개발의 신호탄 쏘다.pdf 8월 30일(수) 「인공지능(AI) 디지털교과서 개발 지침」 발표 학습데이터 수집 및 관리, 기반 구축 등 핵심 기능과 클라우드 보안인증 관련 준수사항 등으로 구성 교육부...",2023.08.29.
78,네이버 인공지능 검색 cue: 사용기,"네이버 인공지능 검색 cue: 는 신청해서 승인을 받아야 사용할 수 있습니다. 승인받은 후에는 항상 cue.search.naver.com 에 접속해서 검색을 했었는데. 이제 보니 네이버 검색창의 우측에 cue: 버튼이 생겼네요. 그냥 검색과의 차이를 보기 위해 ""자동차 트렌드""라고 검색해보았습니다....",2023.09.25.
79,"인공지능(AI) 디지털교과서 개발 아이디어,교사·학생...","첨부파일 [교육부 07-07(금) 조간보도자료] 인공지능(AI) 디지털교과서 개발 아이디어, 교사·학생·학부모가 직접 제안한다!.pdf 교사·학생·학부모가 직접 참여하는 인공지능(AI) 디지털교과서 디자인연수회(워크숍) 개최 사용자 참여설계 구현을 위해 연수회(워크숍)에서 도출된...",2023.07.06.
80,ai 이미지 생성 사이트 블루윌로우 회원가입하기! 인공지능 강사,바드 등 여러 ai 툴들을 활용한 SNS 콘텐츠 제작 강의를 진행하고 있습니다. 자세한 SNS 콘텐츠 강의 문의와 인공지능 강사 소개는 아래 포스팅을 참고해주세요! 강의/컨설팅 문의하기 ***-****-**** #무료ai이미지생성 #ai이미지생성 #ai이미지생성사이트 #블루윌로우 #강사,2023.09.25.
81,텍스트로 이미지를 만드는 인공지능 스테이블 디퓨전,스테이블 디퓨전은 이미지 생성 인공지능입니다. 주소는 https://stablediffusionweb.com/ 사용법은 텍스트를 입력해서 이미지를 만들어 주도록 만들어진 이미지 생성 인공지능 모델입니다. 이렇게 텍스트를 입력해서 이미지를 만들어 주는 것을 text-to...,2023.10.03.
82,에이닷vs믿음vs익시...통신업계 인공지능(AI) 대전,"국내 대표 이동통신사들이 초거대 인공지능(AI) 기반 서비스를 강화하고 있습니다. 최근 SK텔레콤이 인공지능 브랜드 '에이닷'을 정식... '믿음'은 다양한 응용 사례를 쉽게 학습할 수 있는 '협업 융합 지능'을 갖췄고, 과거 대화를 기억해 활용하는 등 '사람에 더 가까운...",2023.10.06.
83,"SV인베스트먼트, 인공지능(AI) 반도체 스타트업 '리벨리온'의...",재료/모멘텀 인공지능(AI) 반도체 스타트업 리벨리온의 투자사 동사는 삼성전자와 협력해 내년 하반기까지 AI칩 리벨의 개발 완료 계획 리벨은 삼성 4나노 공정을 이용하며 삼성 HBM3E 메모리도 탑재 예정 데이터센터용 AI 반도체 ATOM 을 삼성 5나노 공정에서...,2023.10.05.
84,[핀테크 취준카페] #7편 - 인공지능(AI) 기업 소개,"[핀테크 취준카페] #7편 - 인공지능(AI) 기업 소개 오늘은 최근 가장 관심이 집중되고 있는 인공지능(AI)기업 중 대표적인 5곳을 알아보겠습니다. 인공지능(AI) 기업은 인공지능을 금융에 접목하여 로보어드바이저, 챗봇, 인슈어테크 등 다양한 서비스를 개발하고 있는...",2023.09.04.
85,인공지능이 또 저를 울리네요,그동안 인공지능이 개발되고 세상이 경천동지 상전벽해되어 강호에 나설까 하면 태클을 거는 족속들 때문에 고민이 많았는데 ... 아 ... 챗... 그래그래 우리나라 인공지능 화이팅이다 ! 라고 하려고 했는데 야 ... 뭐라고라 ?? 휴우 ... 이제 한테도 무시받는 사람이 되었나 ...,2023.10.08.
86,FKCCI x KOTRA Business+ Forum: 인공 지능 시대의 에너지...,"한불상공회의소는 급속한 기술 발전과 디지털 변혁의 시대 속 지속 가능한 미래 형성에 있어 AI의 중추적인 역할을 인식하고, ""인공 지능 시대의 에너지 전환""이라는 주제로 본 포럼을 개최하게 되었습니다. 본 포럼의 특별 연사로는 녹색기후기금(GCF) 수석 데이터...",2023.09.27.
87,네이버의 새로운 인공지능(AI) 검색 'Cue(큐):',"네이버 메인화면에 노출된 인공지능(AI) 검색 'Cue(큐):'. 출처=플레이 네이버 캡처화면 최근, 네이버가 생성형 AI 검색 ‘Cue(큐):’의 베타... 네이버의 새로운 인공지능(AI) 검색 'Cue(큐):' 출처='Cue(큐):' '큐(Cue):'는 네이버에서 새롭게 선보인 (AI) 검색 서비스입니다. 언어...",2023.09.22.
88,AI기술(인공지능)로 라스트마일을 개선하다!,"기업에서 인공지능(AI)을 활용하는 경우가 증가하고 있습니다. 물류 산업 역시 AI가 빠르게 적용되는 분야로 특히 라스트마일에 긍정적인 결과를 가져오고 있습니다. 오늘은 AI 기술과 라스트마일의 관계에 대해 살펴봅니다. AI를 통한 라스트마일 최적화 ""AI는 우리 네트워크에...",2023.10.20.
89,"제주도, 인공지능 활용해 아열대‧열대작물 병‧해충 조기...",지원사업은 인공지능 구현의 핵심 밑바탕이 되는 학습용 데이터를 구축해 산업 경쟁력과 사회적 문제해결 역량을 강화하기 위한 목적으로 과학기술정보통신부와 한국지능정보사회진흥원(NIA)이 추진하는 사업입니다. * 제주특별자치도 컨소시엄 : 제주특별자치도(주관)...,2023.08.31.
90,"'줌'에 추가된다는 인공지능 비서, 어떤 역할 맡을까",줌 AI 컴패니언 로고 (출처 : Zoom) 9월 5일(현지시간) 미국 화상 회의 서비스 개발사 줌 비디오 커뮤니케이션이 인공지능(AI) 비서 기능 '줌 AI 컴패니언(Zoom AI Companion)'을 발표했다. AI 컴패니언은 화상 회의 소프트웨어 '줌'을 더 편리하게 사용하도록 도움을 주는 기능이다. 줌...,2023.09.07.
91,생성형 인공지능 이란?,"생성형 인공지능은 특정 요구를 하는 이용자에 따라 생성되는 인공지능으로 말할 수 있다. 다향한 콘텐츠 생성에 이용이 되는데 미술, 코딩, 비디오, 이미지, 시, 소절 등 데이터 원본으로 학습을 통한 학습이다. 이미 전세계에서 챗GPT, 미드저니 등 다양한 모델이 공개 되었으며...",2023.09.09.
92,"“인공지능 시대의 성평등”주제, 제3회 양성평등정책포럼 개최","“인공지능 시대의 성평등”주제, 제3회 양성평등정책포럼 개최 (사진=부산여성가족과평생교육진흥원 제공) 부산시와... 제3회 양성평등정책포럼에는 동아대학교 임소연 교수가 ‘인공지능 시대의 성평등’을 주제로 특강을 진행했다. 임소연 교수는 “이 객관적이며...",2023.10.20.
93,생성형 인공지능 기술의 교육적 활용과 윤리적 쟁점을 논의하다.,첨부파일 [교육부 07-21(금) 조간보도자료] 생성형 인공지능 기술의 교육적 활용과 윤리적 쟁점을 논의하다..pdf 「제8회 디지털 인재양성... 1월∼) ‘생성형 인공지능(AI) 기술의 교육적 활용과 윤리’를 주제로 열리는 이번 토론회는 챗지피티(ChatGPT)로 대표되는 생성형...,2023.07.20.
94,다양한 인공지능 모델들,챗GPT를 통해 인공지능에 대한 관심이 많은데요. 인공지능을 구분해 보도록 하겠습니다. 먼저 생성형 AI라는 말이 있는데요. 생성형 AI(Generative AI) 언어 생성 모델(ChatGPT) GPT(Generative Pre-trained Transformer) 미리 학습(Pre-trained) 트랜스포머라는 언어 모델을...,2023.09.12.
95,2023 인공지능대학원 심포지엄(8.17~18) 개최,"인공지능대학원의 성과 공유 및 협력 연결망(네트워크) 마련 인공지능융합혁신대학원(동국대, 아주대, 부산대, 전남대) 현판 증정 및 총장 간담회 개최 과학기술정보통신부(장관 이종호, 이하 ‘과기정통부’)는 8.17(목)~18(금) 이틀 간 「2023 대학원 심포지엄」...",2023.08.17.
96,인공지능이 꿈을 통제할 수 있도록 도와줍니다,프로피틱의 하드웨어 투자는 소수의 인공 지능 회사가 디바이스나 웨어러블에 투자하고 있는 시점에 이루어졌습니다. 전 애플 직원이... 울버그와 베리는 인공지능이 헤일로 장치에서 작동할 수 있는 충분한 훈련 데이터를 제공하기 위해 돈더스 연구소의 1년간의 연구...,2023.10.15.
97,2023 코센 브린지 포럼 '인공지능' 주제 포럼 개최,"<2023 코센 브릿지 포럼 : 국가전략분야 인공지능> 인공지능(AI) 기술은 이제 산업과 사회 모든 분야에서 일상적으로 사용되고 있습니다. AI는 그 자체로 큰 가치를 창출하는 산업이며, 동시에 산업 패러다임에 혁신적인 변화를 가져오고 있습니다. AI의 안전하고 책임감 있는...",2023.10.18.
98,#빅데이터경영_인공지능 미래탐구,"#빅데이터경영_인공지능 미래탐구 #국민대 AI빅데이터 커리큘럼... #인공지능 영역에서 가장 활동적인 석학 #복수의 미래, 긍정적 미래상, 미래의 단점, 단순화 압축, 미래 대응력 #미래에 대한 고찰... 세계경제포럼(2년마다) 일자리 보고서/ 필란드이 미래위원회의 세미나,국가예산...",2023.09.16.
99,"[IT 소식] [과기원NOW] KAIST, '인공지능과 예술' 논하는 국제...",KAIST 제공 ■ 한국과학기술원(KAIST)은 인공지능(AI)와 예술을 주제로 오는 19일 대전 카이스트 본원 대강당에서 국제심포지엄을 개최한다고 13일 밝혔다. AI 시대에서 예술의 경계가 어디까지인지를 묻고 이에 대한 담론을 나눈다. 심포지엄에는 캐이 왓슨 영국...,2023.10.17.
100,인공지능 어디까지 ? 예측의 과거와 현재,"""카네기 멜론 대학 로봇연구소 한스 모리벡 박사는 인공지능이 10년마다 세대가 바뀔 정도로 급속히 발달해 2050년이면 인간의 지능을 능가할 수 있다고 전망하기도 했다. 2020년까지는 ... 생쥐(10만 MIPS) 정도의 지능을 갖춘 로봇이 등장하고 2030년까지는...",2023.09.23.
101,"[KTL TODAY] KTL, 의료인공지능개발지원센터 개설로...","의료 인공지능산업 지원 위해 구축 세계 의료 AI 산업은 2027년 시장 규모가 약 674억 달러(USD)로 성장할 것으로 전망되는 고부가가치... 의료인공지능개발지원센터(디센터1976 5층/1,130평 규모)를 개소하게 됐습니다. AI 의료기기 개발과 관련 국책과제 연구 진행중 지원센터의...",2023.09.11.
102,"인공지능(AI) 기반 시설농가 온라인 재배 분석, 구독 서비스....","에이(A)-벤처스로 팜커넥트 선정 - 인공지능(AI) 기반 시설농가 온라인 재배 분석 상담 구독 서비스 개발 (01-06-에) AI 재배분석 컨설팅... 팜커넥트는 전국 1,800개 시설 농가에서 실시간으로 수집한 환경·생육 정보를 분석하여 (AI) 기반의 온라인 재배분석 정보와 심층 학습...",2023.08.25.
103,AI 산업 투자 ETF TIMEFOLIO 글로벌AI인공지능액티브,"글로벌AI인공지능액티브 목차 1. 기본 정보 2. 구성 종목 3. 최근 수익률 4. 마치는 말 & 함께 보시면 좋은 게시물 지금 AI 관련 테마는 나스닥 상장 기업들이 이끌고 있고, 국내 상장 ETF 중 글로벌 AI 산업 투자 ETF 상품은 사실 많지가 않습니다. 현재 ""AI"" 혹은 ""...",2023.05.27.
104,"""수리수리 인공지능""하면 뚝딱 만들어지는 문해력교육...",요즘 하루가 멀다하고 다양한 인공지능 활용교육 도구들이 쏟아져나오고 있다. 그 새로운 도구의 홍수 속에서 지금 당장 학교 현장에서... 하지만 생성형 인공지능 서비스들이 대부분 그랬던 것처럼 유료화의 길을 걷게 되리라는 걱정이 앞서기도 한다. 아무튼 현재는 아무...,2023.08.03.
105,인공지능과 언어로 소통하는 프롬프트 엔지니어 Prompt...,"지난해, 대화하는 인공지능(AI) ‘챗GPT’의 등장은 그야말로 혁신이었습니다. 다들 ‘챗GPT’를 한 번쯤은 써 봤을 거예요. 호기심으로... ‘챗GPT’는 정보를 찾아 제공하는 것은 물론, 마치 사고를 하는 듯한 창의적인 답변까지 하는 생성형 입니다. ‘챗GPT’의 등장으로...",2023.09.13.
106,인공지능 리터러시(AI Literacy)를 위한 교수-학습...,ChatGPT 서비스 개시 이후 인공지능으로 인해 세상이 어떻게 변화할 것인지에 대한 관심이 뜨겁게 달아올랐다. 교육계 역시 인공지능 활용교육에 대한 모색이 활발하게 이루어지고 있다. 그런데 이런 분위기 속에서 문득 드는 생각이 있다. 활용으로 인해...,2023.08.15.
107,데이터라벨링 인공지능 학습용 데이터 : 어린이 청소년 재연...,2023년 인공지능 학습용 데이터 구축사업 어린이· 청소년 재연 배우 모집 공고 놀이기구 시설 및 이용자 위험 상황 인식데이터 구축을 위한어린이· 청소년 재연 배우를 모집한다는 공고입니다. 놀이시설 안전사고 예방용 시스템 개발을 위해서 영상 수집에 들어가는...,2023.09.01.
108,"직접 써본 인공지능 판독기, 사람과 인공지능을 정확하게...",인공지능(AI) 챗봇인 챗GPT는 처음 출시됐을 때 엄청난 인기를 끌었습니다. 궁금한 내용을 질문하면 사람과 비슷한 말투로 일목요연하게... 인공지능은 날이 갈수록 사람과 비슷한 글 실력을 보이고 있습니다. 인공지능으로 작성한 대학교 과제나 논문은 사람이 며칠을 공들여...,2023.08.09.
109,"보이스피싱, 인공지능으로 막아낸다!","바로 목소리 위조 인공지능을 악용한 수법입니다. 전화기 너머로 가까운 사람의 목소리가 들려온다면 아무리 의심이 많은 사람이라도... SNS상에서도 A가수가 부르는 B가수의 곡이라며 인공지능을 이용해 특정 가수의 목소리를 구현하는 경우를 찾아볼 수 있는데, 보이스피싱 집단은...",2023.07.17.
110,의료 AI 인공지능 관련주 언제 터질지 모름,"최근 핫한 섹터 : 의료 바이오, 인공지능 AI 2차 전지 산업 쪽에서 조정이 이루어지면서 주도주가 교체되고 있습니다. 지금 또다른 새로운... 뿐만 아니라 인공지능 AI 관련주도 주도주로 자리잡았습니다. 미국에서 가장 유명한 엔비디아부터 셀바스AI, 한미반도체 등 골고루 많이...",2023.09.13.
111,레오나르도 AI 가입 및 인공지능 이미지 생성 후기,"메인 페이지에서 맘에 드는 이미지를 찾고 적용된 프롬프트를 활용해서 인공지능 이미지를 만들어 보도록 하겠습니다. ▲ 메인에... 드림스나이퍼, 스태이블 디퓨전 등의 인공지능도 선택해서 생성할 수 있는데 적용된 샘플러와 일부 옵션들은 그대로 적용됩니다. 여기서는...",2023.05.14.
112,스마트테크코리아에서 본 이스트소프트의 인공지능 기술들,이유는 이 이스트소프트 사장님이 뛰어난 인공지능 기술을 꾸준히 연구 개발하고 있었더라고요. 제가 챗GPT 원리를 잘 몰랐을 때... 실제로 셔터스톡은 인공지능이 학습한 데이터 또는 원재료의 사진을 촬영한 원저작권자에게 AI가 만든 사진을 판매하면 판매액의 일부를...,2023.07.07.
113,"[종로구cctv] 소중한 우리 회사 창고 물건, 인공지능이 지킵니다.",안녕하세요 인공지능 수도권cctv 종로구cctv 전문 업체 자비스넷입니다. 보통 기계를 제조하는 업체들에는 물건을 보관하거나 재고를... 인공지능을 활용한 자가보안을 추구하기에 더욱 신속한 알림을 드리고자 노력합니다. 위 솔루션에서는 상황 발생 즉시 이 어떠한...,2023.10.19.
114,SKT AI 서비스 A.(에이닷) 더욱 스마트해진 인공지능 누려봐요,하지만 또 인공지능이 여전히 어렵게 느껴지시는 분들도 계실 것 같습니다. 그래서 오늘은 누구나 쉽게 SKT AI 서비스에 대해 이야기해보려고 하는데요. 스마트폰만 있으면 누구나 쉽게 쓸 수 있는 앱인 A.(에이닷)이 그 주인공입니다 :) A.(에이닷)은 일상형 디지털 메이트로...,2023.07.11.
115,"Boardmix 협업툴 인공지능 화이트 보드, AI 사진...","Boardmix 협업툴 인공지능 화이트 보드, AI 사진, 프레젠테이션 사이트 안녕하세요. 사진&IT 크리에이터 자유분방입니다. 이번 글에서는 Boardmix라는 협업툴 겸 인공지능 AI를 이용한 파워포인트, 템플릿, AI사진, 흐름도, 마인드맵 등을 만들 수 있는 획기적인 협업 툴 소개...",2023.09.04.
116,"[궁금한 경제Y] 현대판 러다이트운동, 인공지능은 우리의...","· · · · 최근 chatGPT, DALL-E 등의 인공지능은 인간만의 고유 영역으로 여겨왔던 인문, 예술 부문에서 인간과 유사하거나 그보다 뛰어넘는 역량을 가질 수 있음을 보여주었어요. 인공지능 기술이 인간의 일들을 대신할 수 있다는 점에서 환영받고 있지만, 반대로 인간의 직업을 앗아갈...",2023.08.22.
117,"러시아, 인공지능 도입으로 IT 인력 부족 해결 계획",러시아 로스텔레콤은 인공지능을 도입해 IT 인력 부족 문제를 해결하겠다는 계획이다. 운영자는 소프트웨어 개발을 위한 자체 AI... 바로 사람 대신 인공 지능으로 대체하는 것이라고 Kommersant는 적고 있다. IT 직원을 알고리즘과 기술로 교체하려는 Rostelecom의 계획은...,2023.09.30.
118,소상공인을 위한 인공지능 챗GPT와 함께하는 식당 메뉴 구성...,"인공지능 챗GPT와 함께하는 식당 메뉴 구성 노하우 소상공인을 위한 인공지능 챗GPT와 함께하는 식당 메뉴 구성 및 가격 설정 노하우 안녕하세요, 소상공인 여러분! 오늘은 제가 인공지능 챗GPT와 함께 식당 메뉴 구성에 대해 이야기 나눈 내용을 유튜브 영상으로 만들어 보았습니다....",2023.10.10.
119,인공지능 챗봇 빙이 알려주는 군봉묵은지김치찜 대박 비결?,#인공지능빙 #군봉묵은지김치찜 안녕하세요. 맛집을 넘어 대박집을 소개하고 대박의 비결을 알려드리는 '인공지능 빅데이터 상권분석 온라인마케팅 전문가 김영갑교수'입니다. 인공지능 챗봇 빙이 알려주는 군봉묵은지김치찜 대박 비결? 인천 연수구 옥련동 맛집 군봉묵은지김치찜....,2023.09.04.
