0,1
펫마트 양천점,서울 양천구 신월동
펫마트 양천점,서울 양천구 신월동
펫마트 양천점,서울 양천구 신월동
펫마트 양천점,서울 양천구 신월동
펫마트 양천점,서울 양천구 신월동
펫마트 양천점,서울 양천구 신월동
펫마트 양천점,서울 양천구 신월동
펫마트 양천점,서울 양천구 신월동
펫마트 양천점,서울 양천구 신월동
펫마트 양천점,서울 양천구 신월동
펫마트 양천점,서울 양천구 신월동
펫마트 양천점,서울 양천구 신월동
펫마트 양천점,서울 양천구 신월동
펫마트 양천점,서울 양천구 신월동
펫마트 양천점,서울 양천구 신월동
펫마트 양천점,서울 양천구 신월동
펫마트 양천점,서울 양천구 신월동
펫마트 양천점,서울 양천구 신월동
펫마트 양천점,서울 양천구 신월동
펫마트 양천점,서울 양천구 신월동
펫마트 양천점,서울 양천구 신월동
펫마트 양천점,서울 양천구 신월동
펫마트 양천점,서울 양천구 신월동
펫마트 양천점,서울 양천구 신월동
펫마트 양천점,서울 양천구 신월동
펫마트 양천점,서울 양천구 신월동
펫마트 양천점,서울 양천구 신월동
펫마트 양천점,서울 양천구 신월동
펫마트 양천점,서울 양천구 신월동
펫마트 양천점,서울 양천구 신월동
펫마트 양천점,서울 양천구 신월동
펫마트 양천점,서울 양천구 신월동
펫마트 양천점,서울 양천구 신월동
펫마트 양천점,서울 양천구 신월동
펫마트 양천점,서울 양천구 신월동
펫마트 양천점,서울 양천구 신월동
펫마트 양천점,서울 양천구 신월동
펫마트 양천점,서울 양천구 신월동
펫마트 양천점,서울 양천구 신월동
펫마트 양천점,서울 양천구 신월동
펫마트 양천점,서울 양천구 신월동
펫마트 양천점,서울 양천구 신월동
펫마트 양천점,서울 양천구 신월동
펫마트 양천점,서울 양천구 신월동
펫마트 양천점,서울 양천구 신월동
펫마트 양천점,서울 양천구 신월동
펫마트 양천점,서울 양천구 신월동
펫마트 양천점,서울 양천구 신월동
펫마트 양천점,서울 양천구 신월동
펫마트 양천점,서울 양천구 신월동
